{"cameraMode":{"drawMode":0,"name":"Shaded","section":"Shading Mode"},"sceneLighting":false,"audioPlay":false,"sceneViewState":{"showFog":true,"showMaterialUpdate":false,"showSkybox":true,"showFlares":true,"showImageEffects":true,"showParticleSystems":true},"in2DMode":false,"pivot":{"x":1.190000057220459,"y":-4.2962727546691898,"z":-34.349998474121097},"rotation":{"x":-0.21010969579219819,"y":0.6893256306648254,"z":-0.2203151136636734,"w":-0.6573776602745056},"size":1.601839542388916,"orthographic":false}