{"cameraMode":{"drawMode":0,"name":"Shaded","section":"Shading Mode"},"sceneLighting":false,"audioPlay":false,"sceneViewState":{"showFog":true,"showMaterialUpdate":false,"showSkybox":true,"showFlares":true,"showImageEffects":true,"showParticleSystems":true},"in2DMode":false,"pivot":{"x":13.016972541809082,"y":-17.381866455078126,"z":123.84435272216797},"rotation":{"x":0.14661242067813874,"y":0.8391163349151611,"z":-0.27653905749320986,"w":0.44487616419792178},"size":31.287687301635743,"orthographic":false}