{"cameraMode":{"drawMode":0,"name":"Shaded","section":"Shading Mode"},"sceneLighting":false,"audioPlay":false,"sceneViewState":{"showFog":true,"showMaterialUpdate":false,"showSkybox":true,"showFlares":true,"showImageEffects":true,"showParticleSystems":true},"in2DMode":false,"pivot":{"x":-417.55694580078127,"y":-217.31878662109376,"z":351.2972412109375},"rotation":{"x":-0.17712770402431489,"y":0.42962729930877688,"z":-0.08634968847036362,"w":-0.8812434673309326},"size":617.2532348632813,"orthographic":false}