{"cameraMode":{"drawMode":0,"name":"Shaded","section":"Shading Mode"},"sceneLighting":false,"audioPlay":false,"sceneViewState":{"showFog":true,"showMaterialUpdate":false,"showSkybox":false,"showFlares":true,"showImageEffects":true,"showParticleSystems":true},"in2DMode":false,"pivot":{"x":-0.08720218390226364,"y":-1.6518210172653199,"z":3.9481632709503176},"rotation":{"x":-0.5014822483062744,"y":0.003109599929302931,"z":-0.0018074759282171727,"w":-0.8651725053787231},"size":22.0,"orthographic":false}