{"cameraMode":{"drawMode":0,"name":"Shaded","section":"Shading Mode"},"sceneLighting":false,"audioPlay":false,"sceneViewState":{"showFog":true,"showMaterialUpdate":false,"showSkybox":false,"showFlares":true,"showImageEffects":true,"showParticleSystems":true},"in2DMode":false,"pivot":{"x":3.737175941467285,"y":-9.201028823852539,"z":130.3514404296875},"rotation":{"x":-0.21173879504203797,"y":0.2719905376434326,"z":-0.06148423254489899,"w":-0.9367108345031738},"size":28.229503631591798,"orthographic":false}