{"cameraMode":{"drawMode":0,"name":"Shaded","section":"Shading Mode"},"sceneLighting":false,"audioPlay":false,"sceneViewState":{"showFog":true,"showMaterialUpdate":false,"showSkybox":false,"showFlares":true,"showImageEffects":true,"showParticleSystems":true},"in2DMode":false,"pivot":{"x":-0.7932669520378113,"y":2.37009334564209,"z":17.576013565063478},"rotation":{"x":-0.24264268577098847,"y":0.6244891881942749,"z":-0.21307598054409028,"w":-0.7111644148826599},"size":37.30939483642578,"orthographic":false}