{"cameraMode":{"drawMode":0,"name":"Shaded","section":"Shading Mode"},"sceneLighting":true,"audioPlay":false,"sceneViewState":{"showFog":true,"showMaterialUpdate":false,"showSkybox":true,"showFlares":true,"showImageEffects":true,"showParticleSystems":true},"in2DMode":false,"pivot":{"x":1.0736606121063233,"y":8.057303428649903,"z":29.984926223754884},"rotation":{"x":-0.292645126581192,"y":-0.04387957230210304,"z":0.01342705450952053,"w":-0.9551350474357605},"size":11.344010353088379,"orthographic":false}