{"cameraMode":{"drawMode":0,"name":"Shaded","section":"Shading Mode"},"sceneLighting":false,"audioPlay":false,"sceneViewState":{"showFog":true,"showMaterialUpdate":false,"showSkybox":false,"showFlares":true,"showImageEffects":true,"showParticleSystems":true},"in2DMode":false,"pivot":{"x":2.6049997806549074,"y":-4.2962727546691898,"z":-35.635005950927737},"rotation":{"x":-0.24264268577098847,"y":0.6244891881942749,"z":-0.21307598054409028,"w":-0.7111644148826599},"size":76.89525604248047,"orthographic":false}